rank,candidate_id
1,CH-LIKZXS
2,CH-M3UKC1
3,CH-EQL9C8
4,CH-NM5FI9
5,CH-U14FCL
6,CH-T96451
7,CH-G7CLOL
8,CH-JHG452
9,CH-3UPMW9
10,CH-TF1PZP
11,CH-L7M6MJ
12,CH-OY9QWV
13,CH-L34TP5
14,CH-DWNIHP
15,CH-3G39BS
16,CH-ALZASI
17,CH-DN53A6
18,CH-7BPP3I
19,CH-0O3FNE
20,CH-AKBULY
21,CH-3338ZP
22,CH-XP4PM7
23,CH-NRT68C
24,CH-W5WZ2P
25,CH-4VAI9F
26,CH-LZ1CJL
27,CH-GTDA01
28,CH-2W4599
29,CH-IG0Q7T
30,CH-Y0QZDG
31,CH-ALDR01
32,CH-BER0JY
33,CH-U3QJVJ
34,CH-5KDYV4
35,CH-VGAU08
36,CH-A8K3DL
37,CH-TOTSMX
38,CH-PFVPOI
39,CH-9FTBE3
40,CH-LH3I14
41,CH-20BYU9
42,CH-N78HC4
43,CH-01ZJQ6
44,CH-MON242
45,CH-S5JP06
46,CH-IDBT28
47,CH-PHY0ON
48,CH-58907A
49,CH-4J4J1H
50,CH-MYX94C
51,CH-OEV8OI
52,CH-03H83Z
53,CH-MJIIH3
54,CH-KB91KP
55,CH-PZTSOB
56,CH-1ANI8N
57,CH-92LAYY
58,CH-1IGPJ8
59,CH-ZTJEEW
60,CH-POPW61
61,CH-A54U9Z
62,CH-6EYP2T
63,CH-F8JDAQ
64,CH-LBFKCL
65,CH-ZLFUPR
66,CH-VQRBXN
67,CH-O8A7CX
68,CH-ESHPVD
69,CH-OHG529
70,CH-VMINLE
71,CH-HXFDR6
72,CH-V8GJM4
73,CH-EBK1LX
74,CH-QPIYUA
75,CH-10VOBI
76,CH-RGIKLJ
77,CH-FMV2D5
78,CH-ZIX9KY
79,CH-IOYBV8
80,CH-T6YRYN
81,CH-65C8G1
82,CH-8XVXBO
83,CH-KB0CZU
84,CH-NOMW3M
85,CH-8OI1HC
86,CH-WEL9EX
87,CH-HY3LNV
88,CH-KZ33X2
89,CH-4CG6NA
90,CH-ODBL4Y
91,CH-FXJYMV
92,CH-57OTR2
93,CH-5VWXU7
94,CH-2VXABC
95,CH-E5BW2H
96,CH-MRX6OS
97,CH-RZTY8E
98,CH-WP6TGQ
99,CH-PEH5UJ
100,CH-4CDO3H
101,CH-1MGD4N
102,CH-53DK6F
103,CH-P7QZL1
104,CH-176ODU
105,CH-4N9JC9
106,CH-AWUX54
107,CH-PIQWDL
108,CH-13NCBR
109,CH-UIBHDJ
110,CH-85U38K
111,CH-U73R8O
112,CH-0QO2LH
113,CH-ADXUN5
114,CH-XNA0FN
115,CH-MPI5T7
116,CH-PQUXVQ
117,CH-77IBVR
118,CH-O8AJER
119,CH-CTFUSY
120,CH-97P5ZA
121,CH-8DY4OC
122,CH-VSOZZT
123,CH-SSJH9R
124,CH-8Y8MRE
125,CH-D07FE6
126,CH-BD141E
127,CH-13G62O
128,CH-RF6M9H
129,CH-08XR2B
130,CH-RW0P29
131,CH-ANEG2Y
132,CH-2PWT88
133,CH-OZATC4
134,CH-ALY1UV
135,CH-69YLFB
136,CH-TTBJHN
137,CH-Z2U9OK
138,CH-I6F1SI
139,CH-ZAA38A
140,CH-Q62B2X
141,CH-J9ZOYV
142,CH-MB8GJ6
143,CH-GSDXBN
144,CH-ID0LLW
145,CH-RQWZXK
146,CH-V3WVRU
147,CH-XTJ3WB
148,CH-PKTWGD
149,CH-VR40EH
150,CH-C2X2HB
151,CH-28C8SD
152,CH-1GUV4Z
153,CH-FPNNFB
154,CH-2JQ5SH
155,CH-C1P7Z9
156,CH-A86J07
157,CH-99J451
158,CH-B2I22H
159,CH-42NLS7
160,CH-4CC9HS
161,CH-3X6VKW
162,CH-Y32MHW
163,CH-UPO25M
164,CH-X7YARZ
165,CH-ZLE90E
166,CH-R8M5EQ
167,CH-PFWR3I
168,CH-TH1E3I
169,CH-NOWWFE
170,CH-K0NCAF
171,CH-87A0UC
172,CH-DC1QCH
173,CH-YNFE2T
174,CH-XC6V5P
175,CH-20SG1N
176,CH-1NR11V
177,CH-66J2BW
178,CH-ATLBZL
179,CH-3LKVCR
180,CH-K7OY7H
181,CH-CWJ24W
182,CH-IN9CGB
183,CH-ZHDFRW
184,CH-86B4JV
185,CH-3HSNUN
186,CH-QS6FC4
187,CH-STS16H
188,CH-2P86G7
189,CH-JCN2GF
190,CH-7L9BBG
191,CH-0T7O8F
192,CH-MTIN7Q
193,CH-5M4DDW
194,CH-TDQU6Y
195,CH-4I71DB
196,CH-D74U6N
197,CH-4SIVNC
198,CH-X1QMD0
199,CH-CE8O8V
200,CH-IJ7PP2
201,CH-HYV7LG
202,CH-F5LNH1
203,CH-RBJZ0S
204,CH-I96FL8
205,CH-HGBHGH
206,CH-83QNLM
207,CH-JUGZIP
208,CH-FTUA2G
209,CH-4KKM3B
210,CH-2OA5JX
211,CH-S2EYOF
212,CH-GFIQ2C
213,CH-42Z7AA
214,CH-WN64SL
215,CH-7PWSD1
216,CH-UZC4SW
217,CH-ORTY38
218,CH-W63200
219,CH-D2JV6A
220,CH-KY74EN
221,CH-8NL63W
222,CH-7NQ290
223,CH-NAYFGU
224,CH-7WSWAT
225,CH-54PD24
226,CH-Z0M79Z
227,CH-LA02KI
228,CH-R7B6Y4
229,CH-IIOQLM
230,CH-9O97EZ
231,CH-4OLF5L
232,CH-IRZRK1
233,CH-O2ML7S
234,CH-TADMF9
235,CH-8UF1AM
236,CH-W2OH7W
237,CH-F2RP96
238,CH-9Y2FZN
239,CH-19LTIL
240,CH-7HTSIL
241,CH-KYFYNX
242,CH-C1KZ4V
243,CH-XLQJSK
244,CH-4MA530
245,CH-OARKE1
246,CH-QAYHZV
247,CH-9QWUNL
248,CH-WTB454
249,CH-HW3OG4
250,CH-FQOJOB
251,CH-7I5B6Q
252,CH-J2N005
253,CH-9V9JP1
254,CH-MGB5N7
255,CH-UNE9W4
256,CH-RBPTQ0
257,CH-2EV6KR
258,CH-H0R9QO
259,CH-VO1325
260,CH-Z73E3F
261,CH-XYGWBZ
262,CH-OQMSZW
263,CH-TZA7JE
264,CH-SZREKS
265,CH-MSJ36K
266,CH-OJNAJF
267,CH-2MZJNT
268,CH-1RP7PV
269,CH-YEQLBC
270,CH-YPJB3Y
271,CH-TXIGFS
272,CH-OHR4WG
273,CH-MBT11N
274,CH-7Z3EEK
275,CH-SUACYH
276,CH-UJ9N7J
277,CH-IG7KF2
278,CH-GM3LK2
279,CH-6HRZEN
280,CH-DPX71B
281,CH-575LKT
282,CH-FFAIB8
283,CH-17WCTV
284,CH-I2DL0M
285,CH-XVEWTM
286,CH-OMQUUQ
287,CH-0UD63X
288,CH-1RLB0H
289,CH-3DH0NB
290,CH-KM7HFG
291,CH-W12LYG
292,CH-WGRDYN
293,CH-IZFBKC
294,CH-7T7E0J
295,CH-M3GVM0
296,CH-W5U0CT
297,CH-5WBYRP
298,CH-RHFV2Z
299,CH-FFRR0Q
300,CH-MT9KI7
301,CH-K1311J
302,CH-ZR65VX
303,CH-KT06SN
304,CH-JL5PNX
305,CH-Q2CDV2
306,CH-T8QNQK
307,CH-4RFIMI
308,CH-TRTPIQ
309,CH-CGIV6A
310,CH-653CDA
311,CH-N4LUID
312,CH-IFVM1N
313,CH-5Y7RNY
314,CH-Z1S8ON
315,CH-LN9PQ0
316,CH-JJQ7QV
317,CH-HIAWQK
318,CH-EMTT24
319,CH-YU9E5R
320,CH-JLGWVF
321,CH-YXDI6M
322,CH-AIFNZI
323,CH-MGAEZW
324,CH-ADF2YJ
325,CH-Y9UCUH
326,CH-SC8HHJ
327,CH-I1R7OY
328,CH-Q8Q7DJ
329,CH-MWIDG3
330,CH-Y6IZIU
331,CH-JA750S
332,CH-VHYKEB
333,CH-CQ00V0
334,CH-U842QK
335,CH-NBYIRR
336,CH-KTKFSB
337,CH-UZUDUP
338,CH-KXMPIF
339,CH-PGYWUN
340,CH-YUBCC0
341,CH-BWT7LH
342,CH-ZUXJML
343,CH-W315G0
344,CH-DFV7RM
345,CH-JAZPZG
346,CH-PEKZAE
347,CH-T84NZK
348,CH-650OYS
349,CH-WJZNVV
350,CH-OQV2DF
351,CH-QOCBQP
352,CH-5R37JZ
353,CH-UOSBKE
354,CH-D5QEZ1
355,CH-45K2R2
356,CH-UD3HPV
357,CH-FVIDKE
358,CH-9TIGDG
359,CH-1T0WU5
360,CH-86TM6D
361,CH-52H7I2
362,CH-RN06DK
363,CH-J56782
364,CH-671TR3
365,CH-0WQ2KK
366,CH-4G3FT8
367,CH-GPBGUT
368,CH-VSNUS8
369,CH-R2N7OB
370,CH-HEXLYT
371,CH-805IRP
372,CH-ASXEFT
373,CH-7YNBEZ
374,CH-JJ86Q7
375,CH-51OVXE
376,CH-L2UCVV
377,CH-F5UJOK
378,CH-1GVHYG
379,CH-OJWQDJ
380,CH-I7DIH1
381,CH-PEKWTR
382,CH-WGJK13
383,CH-M2LG7F
384,CH-ZC0DT5
385,CH-G2TW1T
386,CH-DFSYIA
387,CH-HNF5DF
388,CH-IZZUBN
389,CH-UFJ0R0
390,CH-YJ3197
391,CH-NVQM5L
392,CH-H5PSSJ
393,CH-P7U58L
394,CH-DQ85LN
395,CH-USWEZF
396,CH-NRDNPN
397,CH-OQII6X
398,CH-E1LO1Q
399,CH-8U7AKX
400,CH-ICJT5G
401,CH-YG3CJF
402,CH-W1YZ35
403,CH-KN4KZ4
404,CH-8PI1QV
405,CH-KJI2Q3
406,CH-0DWDF3
407,CH-I1ZRNH
408,CH-YCDW4X
409,CH-QT6VMC
410,CH-MF1MPQ
411,CH-SWTX72
412,CH-V4YLB4
413,CH-QWQ7HI
414,CH-L82QYP
415,CH-QKADEK
416,CH-29QFJ2
417,CH-UW12D6
418,CH-ONI90Q
419,CH-QOGWJ0
420,CH-M2JT9I
421,CH-ALHNOI
422,CH-6HCGM5
423,CH-HWIX24
424,CH-6L8MTS
425,CH-RTUW6H
426,CH-M9YSZ9
427,CH-TVGD1P
428,CH-IU9TLO
429,CH-2EH2TF
430,CH-1ZYNGH
431,CH-YGJQAA
432,CH-HAQBWM
433,CH-X3KOWX
434,CH-ACRFXE
435,CH-IMUTGE
436,CH-N1T2UJ
437,CH-G2XBAX
438,CH-TP4REO
439,CH-CWV0UV
440,CH-BTGVL4
441,CH-4GMWK0
442,CH-PU4I62
443,CH-YW2RMV
444,CH-PY9F60
445,CH-1ERNG7
446,CH-90OK7V
447,CH-KGQML0
448,CH-WATQ5F
449,CH-6OLXFB
450,CH-I7YHIL
451,CH-RQKDXT
452,CH-F03K3G
453,CH-WAG164
454,CH-SX3Q9K
455,CH-FRW2OR
456,CH-WBN0KI
457,CH-53MVER
458,CH-KXF7BG
459,CH-JF3C34
460,CH-AVO0FO
461,CH-Y9LLEY
462,CH-TXCEHN
463,CH-Z0D3KX
464,CH-ELN43V
465,CH-PD8ME3
466,CH-CLJ7AC
467,CH-Q0FGZK
468,CH-QAMJ7N
469,CH-PCJAJH
470,CH-84GOP0
471,CH-5XF0T9
472,CH-N67YYK
473,CH-059UTL
474,CH-Y1OK2I
475,CH-B5K9SD
476,CH-82MSFH
477,CH-Y1B7AK
478,CH-9HUXA4
479,CH-EZHGCJ
480,CH-ZPBOBD
481,CH-062FIQ
482,CH-0IFNI1
483,CH-406H9I
484,CH-G8WV2I
485,CH-5SJNPY
486,CH-EHYBUE
487,CH-MJ8P6L
488,CH-FK911R
489,CH-031AP9
490,CH-F0IOSO
491,CH-LJ1W8K
492,CH-S29BXR
493,CH-U6C9J6
494,CH-MP01OM
495,CH-9T1W3S
496,CH-88R81U
497,CH-2RK3L1
498,CH-RQD3LS
499,CH-PHQLME
500,CH-84IFZ1
